[{"model": "sessions.session", "pk": "0eq85v7zol92p0tfpy9ba55z6abhkzqh", "fields": {"session_data": ".eJxVjDkOwjAUBe_iGlnxt4NtSvqcIfpbSADZUpYKcXeIlALaNzPvZXrc1rHfFp37SczFOHP63Qj5oWUHcsdyq5ZrWeeJ7K7Ygy62q6LP6-H-HYy4jN86NJyEffSUA0JMrmH1POiZBFpgzDBIBkqOUYUAXBwCJ41tQKQUonl_APXkOIs:1w6PMf:WV5JpK_dUCPDUNzO6qRKDEBvFDlwkyRBmFCOTp0kCmo", "expire_date": "2026-04-11T08:49:53.312Z"}}, {"model": "sessions.session", "pk": "aukqpdtbaiqmcpf8z6tr01ekhln5yndq", "fields": {"session_data": ".eJxVjEEOwiAQRe_C2hAYUmhduvcMZAZmpGogKe3KeHdt0oVu_3vvv1TEbS1x67zEOauzAnX63QjTg-sO8h3rrenU6rrMpHdFH7Tra8v8vBzu30HBXr41egFyNgsbxsGCE2sSghCBGwNNzrI4L34kIQYKmGSyhJLBpOBoUO8PDhs5Ng:1w6PdF:9j14W57jvkARUl68EePxzYgdu_YzCrc-HtMevFlsDKU", "expire_date": "2026-04-11T09:07:01.385Z"}}, {"model": "sessions.session", "pk": "b382rnkhd9klwmphyw1wua50r216okjm", "fields": {"session_data": ".eJxVjEEOwiAQRe_C2hAYUmhduvcMZAZmpGogKe3KeHdt0oVu_3vvv1TEbS1x67zEOauzAnX63QjTg-sO8h3rrenU6rrMpHdFH7Tra8v8vBzu30HBXr41egFyNgsbxsGCE2sSghCBGwNNzrI4L34kIQYKmGSyhJLBpOBoUO8PDhs5Ng:1wFXET:nB1GQISvpjLdSeL3s6QMPqlcCPJVYKNrNVFVk2bhBK8", "expire_date": "2026-05-06T13:03:09.714Z"}}, {"model": "gso_accounts.user", "fields": {"password": "pbkdf2_sha256$1000000$xmPvaF3dMoRKjKlxnzRVYz$oCaYLH+nJgOsxu9Tmx3jBgwm1OnPFq/UotDdKZBpReE=", "last_login": "2026-03-28T09:00:26.936Z", "is_superuser": true, "username": "gsoadmin", "first_name": "", "last_name": "", "email": "", "is_staff": true, "is_active": true, "date_joined": "2026-03-28T08:48:57.687Z", "role": "REQUESTOR", "unit": null, "avatar_code": "man1", "oic_for_director": null, "groups": [], "user_permissions": []}}, {"model": "gso_accounts.user", "fields": {"password": "pbkdf2_sha256$1000000$hY6ZXKglQwTXGRgCqGX8dO$UXm9eIQ6LVTRrss8g5zTTLhTvSsoRucMn6QK+jG5VdY=", "last_login": "2026-04-22T13:03:09.616Z", "is_superuser": false, "username": "director", "first_name": "", "last_name": "", "email": "", "is_staff": false, "is_active": true, "date_joined": "2026-03-28T08:53:42.821Z", "role": "DIRECTOR", "unit": null, "avatar_code": "man1", "oic_for_director": null, "groups": [], "user_permissions": []}}, {"model": "gso_accounts.user", "fields": {"password": "pbkdf2_sha256$1000000$5SNQbWxljCfaY2eHvTyj0a$RHF+YqgWu95eS6adlFRHkGhlVWHlBmH5vSGZMgcWwEQ=", "last_login": "2026-04-22T12:57:38.111Z", "is_superuser": false, "username": "requestor", "first_name": "Johny", "last_name": "Johns", "email": "", "is_staff": false, "is_active": true, "date_joined": "2026-03-28T08:56:27.464Z", "role": "REQUESTOR", "unit": null, "avatar_code": "man3", "oic_for_director": null, "groups": [], "user_permissions": []}}, {"model": "gso_accounts.user", "fields": {"password": "pbkdf2_sha256$1000000$fEbfXiW1PzowI4Q3Pdq23z$82Ivp3naLnNd8Ve/bwyzWuF0kyU0l/tUUdKRVJOCo5I=", "last_login": "2026-04-22T13:02:14.715Z", "is_superuser": false, "username": "unithead", "first_name": "fakflasfjk;alsd", "last_name": "Unit Head", "email": "", "is_staff": false, "is_active": true, "date_joined": "2026-03-28T08:58:34.921Z", "role": "UNIT_HEAD", "unit": 1, "avatar_code": "man1", "oic_for_director": null, "groups": [], "user_permissions": []}}, {"model": "gso_accounts.user", "fields": {"password": "pbkdf2_sha256$1000000$icc3QyMoCJX8oxOXhUaH5W$QzrXx59xUJl7nHlxIiVFysAJeVRYsAcqD5AuOhDqkHk=", "last_login": "2026-04-22T12:58:19.895Z", "is_superuser": false, "username": "personnel", "first_name": "Sam", "last_name": "Personnel", "email": "", "is_staff": false, "is_active": true, "date_joined": "2026-03-28T08:58:35.453Z", "role": "PERSONNEL", "unit": 1, "avatar_code": "man1", "oic_for_director": null, "groups": [], "user_permissions": []}}, {"model": "gso_accounts.user", "fields": {"password": "pbkdf2_sha256$1000000$deskdLvLbMGc5oqTSS6X4N$Y1fbairxywZMFdbuk1GVonunAV0rAJOC9VRCewkiJDk=", "last_login": "2026-04-22T09:35:18.605Z", "is_superuser": false, "username": "gsooffice", "first_name": "Morgan", "last_name": "GSO Office", "email": "", "is_staff": true, "is_active": true, "date_joined": "2026-03-28T08:58:35.978Z", "role": "GSO_OFFICE", "unit": null, "avatar_code": "man1", "oic_for_director": null, "groups": [], "user_permissions": []}}, {"model": "gso_accounts.user", "fields": {"password": "pbkdf2_sha256$1000000$ictqrGEiHSxs3T6P6otLav$R59O+gB+5SNz0Aoi2ig8wT0DkeOZk7nb7JH7JxfPyHk=", "last_login": "2026-04-22T12:50:54.047Z", "is_superuser": false, "username": "personnel2", "first_name": "John", "last_name": "Payter", "email": "", "is_staff": false, "is_active": true, "date_joined": "2026-04-22T12:48:53.859Z", "role": "PERSONNEL", "unit": 1, "avatar_code": "man1", "oic_for_director": null, "groups": [], "user_permissions": []}}, {"model": "gso_accounts.auditlog", "pk": 1, "fields": {"user": ["director"], "action": "user_create", "message": "Created user account for Johny Johns", "target_model": "gso_accounts.User", "target_id": "3", "created_at": "2026-03-28T08:56:28.687Z"}}, {"model": "gso_accounts.auditlog", "pk": 2, "fields": {"user": ["director"], "action": "director_approve", "message": "Approved request GSO-2026-0001: afaasf", "target_model": "gso_requests.Request", "target_id": "1", "created_at": "2026-03-28T09:05:49.343Z"}}, {"model": "gso_accounts.auditlog", "pk": 3, "fields": {"user": ["director"], "action": "director_approve", "message": "Approved request GSO-2026-0002: dasdas", "target_model": "gso_requests.Request", "target_id": "2", "created_at": "2026-04-21T15:08:03.401Z"}}, {"model": "gso_accounts.auditlog", "pk": 4, "fields": {"user": ["director"], "action": "director_approve", "message": "Approved request GSO-2026-0004: Aircon Repair", "target_model": "gso_requests.Request", "target_id": "4", "created_at": "2026-04-22T03:25:18.576Z"}}, {"model": "gso_accounts.auditlog", "pk": 5, "fields": {"user": ["director"], "action": "director_approve", "message": "Approved request GSO-2026-0022: fsafdfs @ fsdfsd", "target_model": "gso_requests.Request", "target_id": "22", "created_at": "2026-04-22T08:38:17.739Z"}}, {"model": "gso_accounts.auditlog", "pk": 6, "fields": {"user": ["director"], "action": "director_approve", "message": "Approved request GSO-2026-0021: fadfasd @ fasdfadf", "target_model": "gso_requests.Request", "target_id": "21", "created_at": "2026-04-22T08:55:24.941Z"}}, {"model": "gso_accounts.auditlog", "pk": 7, "fields": {"user": ["director"], "action": "user_edit", "message": "Updated user account for Sam Personnel", "target_model": "gso_accounts.User", "target_id": "5", "created_at": "2026-04-22T09:36:23.939Z"}}, {"model": "gso_accounts.auditlog", "pk": 8, "fields": {"user": ["director"], "action": "director_approve", "message": "Approved request GSO-2026-0020: asasd @ dasda", "target_model": "gso_requests.Request", "target_id": "20", "created_at": "2026-04-22T12:26:46.338Z"}}, {"model": "gso_accounts.auditlog", "pk": 9, "fields": {"user": ["director"], "action": "director_approve", "message": "Approved request GSO-2026-0018: sdfaaf @ fadfs", "target_model": "gso_requests.Request", "target_id": "18", "created_at": "2026-04-22T12:45:20.236Z"}}, {"model": "gso_accounts.auditlog", "pk": 10, "fields": {"user": ["director"], "action": "user_create", "message": "Created user account for John Payter", "target_model": "gso_accounts.User", "target_id": "7", "created_at": "2026-04-22T12:48:55.365Z"}}, {"model": "gso_accounts.auditlog", "pk": 11, "fields": {"user": ["director"], "action": "director_approve", "message": "Approved request GSO-2026-0017: fadfa @ fadaf", "target_model": "gso_requests.Request", "target_id": "17", "created_at": "2026-04-22T12:50:43.891Z"}}, {"model": "gso_requests.request", "pk": 1, "fields": {"requestor": ["requestor"], "unit": 1, "title": "afaasf", "description": "asfasdfasdfs", "location": "", "labor": true, "materials": false, "others": false, "custom_full_name": "John Alexis", "custom_email": "john@gmail.com", "custom_contact_number": "09514372595", "attachment": "", "status": "COMPLETED", "is_emergency": false, "requestor_cancel_reason": "", "requestor_cancelled_at": null, "work_started_at": null, "created_at": "2026-03-28T09:03:56.886Z", "updated_at": "2026-03-28T09:06:51.597Z"}}, {"model": "gso_requests.request", "pk": 2, "fields": {"requestor": ["requestor"], "unit": 1, "title": "dasdas", "description": "dasdasd", "location": "", "labor": true, "materials": false, "others": false, "custom_full_name": "John Alexis", "custom_email": "john@gmail.com", "custom_contact_number": "09514372595", "attachment": "", "status": "DONE_WORKING", "is_emergency": false, "requestor_cancel_reason": "", "requestor_cancelled_at": null, "work_started_at": null, "created_at": "2026-04-21T15:05:41.688Z", "updated_at": "2026-04-21T15:12:02.594Z"}}, {"model": "gso_requests.request", "pk": 3, "fields": {"requestor": ["requestor"], "unit": 3, "title": "afsasdadas", "description": "fadsgasgas", "location": "", "labor": true, "materials": false, "others": false, "custom_full_name": "John Alexis", "custom_email": "john@gmail.com", "custom_contact_number": "09514372595", "attachment": "", "status": "SUBMITTED", "is_emergency": false, "requestor_cancel_reason": "", "requestor_cancelled_at": null, "work_started_at": null, "created_at": "2026-04-21T15:06:24.101Z", "updated_at": "2026-04-21T15:06:24.101Z"}}, {"model": "gso_requests.request", "pk": 4, "fields": {"requestor": ["requestor"], "unit": 1, "title": "Aircon Repair", "description": "fagagasga", "location": "", "labor": true, "materials": false, "others": false, "custom_full_name": "John Alexis", "custom_email": "john@gmail.com", "custom_contact_number": "09514372595", "attachment": "", "status": "COMPLETED", "is_emergency": false, "requestor_cancel_reason": "", "requestor_cancelled_at": null, "work_started_at": null, "created_at": "2026-04-22T02:57:26.331Z", "updated_at": "2026-04-22T03:28:14.048Z"}}, {"model": "gso_requests.request", "pk": 5, "fields": {"requestor": ["requestor"], "unit": 1, "title": "fafa @ afafas", "description": "fafa", "location": "afafas", "labor": true, "materials": false, "others": false, "custom_full_name": "John Alexis", "custom_email": "john@gmail.com", "custom_contact_number": "09514372595", "attachment": "", "status": "SUBMITTED", "is_emergency": false, "requestor_cancel_reason": "", "requestor_cancelled_at": null, "work_started_at": null, "created_at": "2026-04-22T06:09:49.664Z", "updated_at": "2026-04-22T06:09:49.664Z"}}, {"model": "gso_requests.request", "pk": 6, "fields": {"requestor": ["requestor"], "unit": 1, "title": "fadfsafsa @ fasdfsadf", "description": "fadfsafsa", "location": "fasdfsadf", "labor": true, "materials": false, "others": false, "custom_full_name": "John Alexis", "custom_email": "john@gmail.com", "custom_contact_number": "09514372595", "attachment": "", "status": "SUBMITTED", "is_emergency": false, "requestor_cancel_reason": "", "requestor_cancelled_at": null, "work_started_at": null, "created_at": "2026-04-22T06:10:15.896Z", "updated_at": "2026-04-22T06:10:15.896Z"}}, {"model": "gso_requests.request", "pk": 7, "fields": {"requestor": ["requestor"], "unit": 4, "title": "fafasdf @ fafasdfa", "description": "fafasdf", "location": "fafasdfa", "labor": true, "materials": false, "others": false, "custom_full_name": "John Alexis", "custom_email": "john@gmail.com", "custom_contact_number": "09514372595", "attachment": "", "status": "SUBMITTED", "is_emergency": false, "requestor_cancel_reason": "", "requestor_cancelled_at": null, "work_started_at": null, "created_at": "2026-04-22T06:17:49.356Z", "updated_at": "2026-04-22T06:17:49.356Z"}}, {"model": "gso_requests.request", "pk": 8, "fields": {"requestor": ["requestor"], "unit": 1, "title": "fa @ fad", "description": "fa", "location": "fad", "labor": true, "materials": false, "others": false, "custom_full_name": "John Alexis", "custom_email": "john@gmail.com", "custom_contact_number": "09514372595", "attachment": "", "status": "SUBMITTED", "is_emergency": false, "requestor_cancel_reason": "", "requestor_cancelled_at": null, "work_started_at": null, "created_at": "2026-04-22T06:18:24.750Z", "updated_at": "2026-04-22T06:18:24.750Z"}}, {"model": "gso_requests.request", "pk": 9, "fields": {"requestor": ["requestor"], "unit": 4, "title": "sfafsadf @ fasfasdf", "description": "sfafsadf", "location": "fasfasdf", "labor": true, "materials": false, "others": false, "custom_full_name": "John Alexis", "custom_email": "john@gmail.com", "custom_contact_number": "09514372595", "attachment": "", "status": "SUBMITTED", "is_emergency": false, "requestor_cancel_reason": "", "requestor_cancelled_at": null, "work_started_at": null, "created_at": "2026-04-22T06:23:02.300Z", "updated_at": "2026-04-22T06:23:02.300Z"}}, {"model": "gso_requests.request", "pk": 10, "fields": {"requestor": ["requestor"], "unit": 1, "title": "fgfd @ gfdgfd", "description": "fgfd", "location": "gfdgfd", "labor": true, "materials": false, "others": false, "custom_full_name": "John Alexis", "custom_email": "john@gmail.com", "custom_contact_number": "09514372595", "attachment": "", "status": "SUBMITTED", "is_emergency": false, "requestor_cancel_reason": "", "requestor_cancelled_at": null, "work_started_at": null, "created_at": "2026-04-22T06:27:55.129Z", "updated_at": "2026-04-22T06:27:55.129Z"}}, {"model": "gso_requests.request", "pk": 11, "fields": {"requestor": ["requestor"], "unit": 1, "title": "sgadfadf @ fadfasdf", "description": "sgadfadf", "location": "fadfasdf", "labor": false, "materials": true, "others": false, "custom_full_name": "John Alexis", "custom_email": "john@gmail.com", "custom_contact_number": "09514372595", "attachment": "", "status": "SUBMITTED", "is_emergency": false, "requestor_cancel_reason": "", "requestor_cancelled_at": null, "work_started_at": null, "created_at": "2026-04-22T06:30:07.922Z", "updated_at": "2026-04-22T06:30:07.922Z"}}, {"model": "gso_requests.request", "pk": 12, "fields": {"requestor": ["requestor"], "unit": 1, "title": "fasfas @ fadfas", "description": "fasfas", "location": "fadfas", "labor": true, "materials": false, "others": false, "custom_full_name": "John Alexis", "custom_email": "john@gmail.com", "custom_contact_number": "09514372595", "attachment": "", "status": "SUBMITTED", "is_emergency": false, "requestor_cancel_reason": "", "requestor_cancelled_at": null, "work_started_at": null, "created_at": "2026-04-22T06:31:18.348Z", "updated_at": "2026-04-22T06:31:18.348Z"}}, {"model": "gso_requests.request", "pk": 13, "fields": {"requestor": ["requestor"], "unit": 1, "title": "sddfasdfas @ fadsfa", "description": "sddfasdfas", "location": "fadsfa", "labor": true, "materials": false, "others": false, "custom_full_name": "John Alexis", "custom_email": "john@gmail.com", "custom_contact_number": "09514372595", "attachment": "", "status": "SUBMITTED", "is_emergency": false, "requestor_cancel_reason": "", "requestor_cancelled_at": null, "work_started_at": null, "created_at": "2026-04-22T06:31:34.231Z", "updated_at": "2026-04-22T06:31:34.231Z"}}, {"model": "gso_requests.request", "pk": 14, "fields": {"requestor": ["requestor"], "unit": 1, "title": "fasfsaf @ fadfa", "description": "fasfsaf", "location": "fadfa", "labor": true, "materials": false, "others": false, "custom_full_name": "John Alexis", "custom_email": "john@gmail.com", "custom_contact_number": "09514372595", "attachment": "", "status": "SUBMITTED", "is_emergency": false, "requestor_cancel_reason": "", "requestor_cancelled_at": null, "work_started_at": null, "created_at": "2026-04-22T06:31:46.349Z", "updated_at": "2026-04-22T06:31:46.349Z"}}, {"model": "gso_requests.request", "pk": 15, "fields": {"requestor": ["requestor"], "unit": 1, "title": "dsaf @ fa", "description": "dsaf", "location": "fa", "labor": true, "materials": false, "others": false, "custom_full_name": "John Alexis", "custom_email": "john@gmail.com", "custom_contact_number": "09514372595", "attachment": "", "status": "SUBMITTED", "is_emergency": false, "requestor_cancel_reason": "", "requestor_cancelled_at": null, "work_started_at": null, "created_at": "2026-04-22T06:36:10.363Z", "updated_at": "2026-04-22T06:36:10.363Z"}}, {"model": "gso_requests.request", "pk": 16, "fields": {"requestor": ["requestor"], "unit": 1, "title": "fasdf @ fada", "description": "fasdf", "location": "fada", "labor": true, "materials": false, "others": false, "custom_full_name": "John Alexis", "custom_email": "john@gmail.com", "custom_contact_number": "09514372595", "attachment": "", "status": "SUBMITTED", "is_emergency": false, "requestor_cancel_reason": "", "requestor_cancelled_at": null, "work_started_at": null, "created_at": "2026-04-22T06:36:27.116Z", "updated_at": "2026-04-22T06:36:27.116Z"}}, {"model": "gso_requests.request", "pk": 17, "fields": {"requestor": ["requestor"], "unit": 1, "title": "fadfa @ fadaf", "description": "fadfa", "location": "fadaf", "labor": true, "materials": false, "others": false, "custom_full_name": "John Alexis", "custom_email": "john@gmail.com", "custom_contact_number": "09514372595", "attachment": "", "status": "DONE_WORKING", "is_emergency": false, "requestor_cancel_reason": "", "requestor_cancelled_at": null, "work_started_at": "2026-04-22T12:52:43.175Z", "created_at": "2026-04-22T06:36:43.376Z", "updated_at": "2026-04-22T12:53:09.119Z"}}, {"model": "gso_requests.request", "pk": 18, "fields": {"requestor": ["requestor"], "unit": 1, "title": "sdfaaf @ fadfs", "description": "sdfaaf", "location": "fadfs", "labor": true, "materials": false, "others": false, "custom_full_name": "f", "custom_email": "john@gmail.com", "custom_contact_number": "09514372595", "attachment": "", "status": "DIRECTOR_APPROVED", "is_emergency": false, "requestor_cancel_reason": "", "requestor_cancelled_at": null, "work_started_at": null, "created_at": "2026-04-22T06:37:39.006Z", "updated_at": "2026-04-22T12:45:19.658Z"}}, {"model": "gso_requests.request", "pk": 19, "fields": {"requestor": ["requestor"], "unit": 4, "title": "fdas @ fad", "description": "fdas", "location": "fad", "labor": true, "materials": false, "others": false, "custom_full_name": "John Alexis", "custom_email": "john@gmail.com", "custom_contact_number": "09514372595", "attachment": "", "status": "SUBMITTED", "is_emergency": false, "requestor_cancel_reason": "", "requestor_cancelled_at": null, "work_started_at": null, "created_at": "2026-04-22T06:39:53.686Z", "updated_at": "2026-04-22T06:39:53.686Z"}}, {"model": "gso_requests.request", "pk": 20, "fields": {"requestor": ["requestor"], "unit": 1, "title": "asasd @ dasda", "description": "asasd", "location": "dasda", "labor": true, "materials": false, "others": false, "custom_full_name": "John Alexis", "custom_email": "john@gmail.com", "custom_contact_number": "09514372595", "attachment": "", "status": "COMPLETED", "is_emergency": false, "requestor_cancel_reason": "", "requestor_cancelled_at": null, "work_started_at": "2026-04-22T12:43:21.389Z", "created_at": "2026-04-22T06:40:47.514Z", "updated_at": "2026-04-22T12:44:06.449Z"}}, {"model": "gso_requests.request", "pk": 21, "fields": {"requestor": ["requestor"], "unit": 1, "title": "fadfasd @ fasdfadf", "description": "fadfasd", "location": "fasdfadf", "labor": true, "materials": false, "others": false, "custom_full_name": "John Alexis", "custom_email": "john@gmail.com", "custom_contact_number": "09514372595", "attachment": "", "status": "COMPLETED", "is_emergency": false, "requestor_cancel_reason": "", "requestor_cancelled_at": null, "work_started_at": "2026-04-22T09:09:07.860Z", "created_at": "2026-04-22T06:44:24.440Z", "updated_at": "2026-04-22T13:02:37.415Z"}}, {"model": "gso_requests.request", "pk": 22, "fields": {"requestor": ["requestor"], "unit": 1, "title": "fsafdfs @ fsdfsd", "description": "fsafdfs", "location": "fsdfsd", "labor": true, "materials": false, "others": false, "custom_full_name": "John Alexis", "custom_email": "john@gmail.com", "custom_contact_number": "09514372595", "attachment": "", "status": "DONE_WORKING", "is_emergency": false, "requestor_cancel_reason": "", "requestor_cancelled_at": null, "work_started_at": null, "created_at": "2026-04-22T08:36:49.278Z", "updated_at": "2026-04-22T08:41:56.417Z"}}, {"model": "gso_requests.requestassignment", "pk": 1, "fields": {"request": 1, "personnel": ["personnel"], "assigned_by": ["unithead"], "assigned_at": "2026-03-28T09:04:30.050Z"}}, {"model": "gso_requests.requestassignment", "pk": 2, "fields": {"request": 2, "personnel": ["personnel"], "assigned_by": ["unithead"], "assigned_at": "2026-04-21T15:07:08.649Z"}}, {"model": "gso_requests.requestassignment", "pk": 3, "fields": {"request": 4, "personnel": ["personnel"], "assigned_by": ["unithead"], "assigned_at": "2026-04-22T03:24:06.272Z"}}, {"model": "gso_requests.requestassignment", "pk": 4, "fields": {"request": 22, "personnel": ["personnel"], "assigned_by": ["unithead"], "assigned_at": "2026-04-22T08:37:28.904Z"}}, {"model": "gso_requests.requestassignment", "pk": 5, "fields": {"request": 21, "personnel": ["personnel"], "assigned_by": ["unithead"], "assigned_at": "2026-04-22T08:54:28.389Z"}}, {"model": "gso_requests.requestassignment", "pk": 6, "fields": {"request": 20, "personnel": ["personnel"], "assigned_by": ["unithead"], "assigned_at": "2026-04-22T12:26:13.323Z"}}, {"model": "gso_requests.requestassignment", "pk": 7, "fields": {"request": 18, "personnel": ["personnel"], "assigned_by": ["unithead"], "assigned_at": "2026-04-22T12:44:37.289Z"}}, {"model": "gso_requests.requestassignment", "pk": 8, "fields": {"request": 17, "personnel": ["personnel2"], "assigned_by": ["unithead"], "assigned_at": "2026-04-22T12:49:53.308Z"}}, {"model": "gso_requests.requestassignment", "pk": 9, "fields": {"request": 17, "personnel": ["personnel"], "assigned_by": ["unithead"], "assigned_at": "2026-04-22T12:49:53.679Z"}}, {"model": "gso_units.unit", "pk": 1, "fields": {"name": "Repair & Maintenance", "code": "repair", "is_active": true, "created_at": "2026-03-28T08:58:33.997Z", "updated_at": "2026-03-28T08:58:33.998Z"}}, {"model": "gso_units.unit", "pk": 2, "fields": {"name": "Utility", "code": "utility", "is_active": true, "created_at": "2026-03-28T08:58:34.184Z", "updated_at": "2026-03-28T08:58:34.184Z"}}, {"model": "gso_units.unit", "pk": 3, "fields": {"name": "Electrical", "code": "electrical", "is_active": true, "created_at": "2026-03-28T08:58:34.368Z", "updated_at": "2026-03-28T08:58:34.368Z"}}, {"model": "gso_units.unit", "pk": 4, "fields": {"name": "Motorpool", "code": "motorpool", "is_active": true, "created_at": "2026-03-28T08:58:34.550Z", "updated_at": "2026-03-28T08:58:34.550Z"}}, {"model": "gso_inventory.inventoryitem", "pk": 1, "fields": {"unit": 1, "name": "Nail", "description": "", "category": "Supplies", "quantity": 600, "unit_of_measure": "pcs", "reorder_level": 0, "arrival_date": null, "location": "", "serial_or_asset_number": "", "created_by": ["unithead"], "updated_by": ["unithead"], "created_at": "2026-04-22T12:32:16.930Z", "updated_at": "2026-04-22T12:46:27.442Z"}}, {"model": "gso_inventory.inventorytransaction", "pk": 1, "fields": {"item": 1, "transaction_type": "IN", "quantity": 1000, "request": null, "performed_by": ["unithead"], "notes": "Initial stock", "arrival_date": null, "supplier_name": "", "delivery_reference": "", "created_at": "2026-04-22T12:32:17.166Z"}}, {"model": "gso_inventory.inventorytransaction", "pk": 2, "fields": {"item": 1, "transaction_type": "OUT", "quantity": 200, "request": 20, "performed_by": ["unithead"], "notes": "Approved material request by Sam Personnel", "arrival_date": null, "supplier_name": "", "delivery_reference": "", "created_at": "2026-04-22T12:34:07.412Z"}}, {"model": "gso_inventory.inventorytransaction", "pk": 3, "fields": {"item": 1, "transaction_type": "OUT", "quantity": 100, "request": 18, "performed_by": ["unithead"], "notes": "Issued for request GSO-2026-0018", "arrival_date": null, "supplier_name": "", "delivery_reference": "", "created_at": "2026-04-22T12:44:47.694Z"}}, {"model": "gso_inventory.inventorytransaction", "pk": 4, "fields": {"item": 1, "transaction_type": "OUT", "quantity": 100, "request": 18, "performed_by": ["unithead"], "notes": "Approved material request by Sam Personnel", "arrival_date": null, "supplier_name": "", "delivery_reference": "", "created_at": "2026-04-22T12:46:27.642Z"}}, {"model": "gso_inventory.materialrequest", "pk": 1, "fields": {"request": 20, "item": 1, "quantity": 200, "notes": "", "requested_by": ["personnel"], "status": "APPROVED", "approved_by": ["unithead"], "approved_at": "2026-04-22T12:34:07.508Z", "created_at": "2026-04-22T12:33:33.051Z"}}, {"model": "gso_inventory.materialrequest", "pk": 2, "fields": {"request": 18, "item": 1, "quantity": 100, "notes": "", "requested_by": ["personnel"], "status": "APPROVED", "approved_by": ["unithead"], "approved_at": "2026-04-22T12:46:27.745Z", "created_at": "2026-04-22T12:46:06.738Z"}}, {"model": "gso_reports.workaccomplishmentreport", "pk": 1, "fields": {"request": 1, "personnel": ["personnel"], "period_start": "2026-03-28", "period_end": "2026-03-28", "summary": "To be filled", "accomplishments": "To be filled", "created_by": ["unithead"], "created_at": "2026-03-28T09:06:51.787Z", "updated_at": "2026-03-28T09:06:51.787Z", "success_indicators": []}}, {"model": "gso_reports.workaccomplishmentreport", "pk": 2, "fields": {"request": 4, "personnel": ["personnel"], "period_start": "2026-04-22", "period_end": "2026-04-22", "summary": "To be filled", "accomplishments": "To be filled", "created_by": ["unithead"], "created_at": "2026-04-22T03:28:14.659Z", "updated_at": "2026-04-22T03:28:14.659Z", "success_indicators": []}}, {"model": "gso_reports.workaccomplishmentreport", "pk": 3, "fields": {"request": 20, "personnel": ["personnel"], "period_start": "2026-04-22", "period_end": "2026-04-22", "summary": "To be filled", "accomplishments": "To be filled", "created_by": ["unithead"], "created_at": "2026-04-22T12:44:06.878Z", "updated_at": "2026-04-22T12:44:06.878Z", "success_indicators": []}}, {"model": "gso_reports.workaccomplishmentreport", "pk": 4, "fields": {"request": 21, "personnel": ["personnel"], "period_start": "2026-04-22", "period_end": "2026-04-22", "summary": "To be filled", "accomplishments": "To be filled", "created_by": ["unithead"], "created_at": "2026-04-22T13:02:37.818Z", "updated_at": "2026-04-22T13:02:37.818Z", "success_indicators": []}}, {"model": "gso_notifications.notification", "pk": 1, "fields": {"user": ["requestor"], "title": "Request GSO-2026-0001 submitted", "message": "Your request has been received.", "link": "/accounts/requestor/request/1/", "read": true, "created_at": "2026-03-28T09:03:56.977Z"}}, {"model": "gso_notifications.notification", "pk": 2, "fields": {"user": ["unithead"], "title": "Request GSO-2026-0001 submitted", "message": "New request for your unit: Repair & Maintenance", "link": "/accounts/staff/request-management/1/", "read": true, "created_at": "2026-03-28T09:03:57.187Z"}}, {"model": "gso_notifications.notification", "pk": 3, "fields": {"user": ["gsooffice"], "title": "Request GSO-2026-0001 submitted", "message": "afaasf — Repair & Maintenance", "link": "/accounts/staff/request-management/1/", "read": true, "created_at": "2026-03-28T09:03:57.396Z"}}, {"model": "gso_notifications.notification", "pk": 4, "fields": {"user": ["director"], "title": "Request GSO-2026-0001 submitted", "message": "afaasf — Repair & Maintenance", "link": "/accounts/staff/request-management/1/", "read": true, "created_at": "2026-03-28T09:03:57.500Z"}}, {"model": "gso_notifications.notification", "pk": 5, "fields": {"user": ["personnel"], "title": "Request GSO-2026-0001 assigned", "message": "You have been assigned to: afaasf", "link": "/accounts/staff/request-management/1/", "read": true, "created_at": "2026-03-28T09:04:30.304Z"}}, {"model": "gso_notifications.notification", "pk": 6, "fields": {"user": ["gsooffice"], "title": "Request GSO-2026-0001 assigned", "message": "Personnel assigned to afaasf — Repair & Maintenance", "link": "/accounts/staff/request-management/1/", "read": true, "created_at": "2026-03-28T09:04:30.401Z"}}, {"model": "gso_notifications.notification", "pk": 7, "fields": {"user": ["director"], "title": "Request GSO-2026-0001 assigned", "message": "Personnel assigned to afaasf — Repair & Maintenance", "link": "/accounts/staff/request-management/1/", "read": true, "created_at": "2026-03-28T09:04:30.460Z"}}, {"model": "gso_notifications.notification", "pk": 8, "fields": {"user": ["requestor"], "title": "Request GSO-2026-0001 approved", "message": "Your request has been approved. Work will start soon.", "link": "/accounts/requestor/request/1/", "read": true, "created_at": "2026-03-28T09:05:49.104Z"}}, {"model": "gso_notifications.notification", "pk": 9, "fields": {"user": ["personnel"], "title": "Request GSO-2026-0001 approved", "message": "Work can start: afaasf", "link": "/accounts/staff/request-management/1/", "read": true, "created_at": "2026-03-28T09:05:49.202Z"}}, {"model": "gso_notifications.notification", "pk": 10, "fields": {"user": ["unithead"], "title": "Request GSO-2026-0001 approved", "message": "Request approved; personnel can start work: afaasf", "link": "/accounts/staff/request-management/1/", "read": true, "created_at": "2026-03-28T09:05:49.296Z"}}, {"model": "gso_notifications.notification", "pk": 11, "fields": {"user": ["requestor"], "title": "Request GSO-2026-0001 — Work started", "message": "Work has started on your request.", "link": "/accounts/requestor/request/1/", "read": true, "created_at": "2026-03-28T09:06:14.259Z"}}, {"model": "gso_notifications.notification", "pk": 12, "fields": {"user": ["unithead"], "title": "Request GSO-2026-0001 — Done working", "message": "Personnel marked work complete for review: afaasf", "link": "/accounts/staff/request-management/1/", "read": true, "created_at": "2026-03-28T09:06:19.530Z"}}, {"model": "gso_notifications.notification", "pk": 13, "fields": {"user": ["requestor"], "title": "Request GSO-2026-0001 — Work done", "message": "Work on your request is complete. It is now awaiting approval from the unit head before it is marked completed.", "link": "/accounts/requestor/request/1/", "read": true, "created_at": "2026-03-28T09:06:19.578Z"}}, {"model": "gso_notifications.notification", "pk": 14, "fields": {"user": ["requestor"], "title": "Request GSO-2026-0001 completed", "message": "Your request has been completed: afaasf. Please submit your feedback (Client Satisfaction form) for this request.", "link": "/accounts/requestor/request/1/", "read": true, "created_at": "2026-03-28T09:06:51.840Z"}}, {"model": "gso_notifications.notification", "pk": 15, "fields": {"user": ["gsooffice"], "title": "Request GSO-2026-0001 completed", "message": "Request completed: afaasf — Repair & Maintenance", "link": "/accounts/staff/request-management/1/", "read": true, "created_at": "2026-03-28T09:06:51.935Z"}}, {"model": "gso_notifications.notification", "pk": 16, "fields": {"user": ["director"], "title": "Request GSO-2026-0001 completed", "message": "Request completed: afaasf — Repair & Maintenance", "link": "/accounts/staff/request-management/1/", "read": true, "created_at": "2026-03-28T09:06:51.983Z"}}, {"model": "gso_notifications.notification", "pk": 17, "fields": {"user": ["requestor"], "title": "Request GSO-2026-0002 submitted", "message": "Your request has been received.", "link": "/accounts/requestor/request/2/", "read": true, "created_at": "2026-04-21T15:05:41.808Z"}}, {"model": "gso_notifications.notification", "pk": 18, "fields": {"user": ["unithead"], "title": "Request GSO-2026-0002 submitted", "message": "New request for your unit: Repair & Maintenance", "link": "/accounts/staff/request-management/2/", "read": true, "created_at": "2026-04-21T15:05:42.022Z"}}, {"model": "gso_notifications.notification", "pk": 19, "fields": {"user": ["gsooffice"], "title": "Request GSO-2026-0002 submitted", "message": "dasdas — Repair & Maintenance", "link": "/accounts/staff/request-management/2/", "read": true, "created_at": "2026-04-21T15:05:42.226Z"}}, {"model": "gso_notifications.notification", "pk": 20, "fields": {"user": ["director"], "title": "Request GSO-2026-0002 submitted", "message": "dasdas — Repair & Maintenance", "link": "/accounts/staff/request-management/2/", "read": true, "created_at": "2026-04-21T15:05:42.340Z"}}, {"model": "gso_notifications.notification", "pk": 21, "fields": {"user": ["requestor"], "title": "Request GSO-2026-0003 submitted", "message": "Your request has been received.", "link": "/accounts/requestor/request/3/", "read": true, "created_at": "2026-04-21T15:06:24.212Z"}}, {"model": "gso_notifications.notification", "pk": 22, "fields": {"user": ["gsooffice"], "title": "Request GSO-2026-0003 submitted", "message": "afsasdadas — Electrical", "link": "/accounts/staff/request-management/3/", "read": true, "created_at": "2026-04-21T15:06:24.564Z"}}, {"model": "gso_notifications.notification", "pk": 23, "fields": {"user": ["director"], "title": "Request GSO-2026-0003 submitted", "message": "afsasdadas — Electrical", "link": "/accounts/staff/request-management/3/", "read": true, "created_at": "2026-04-21T15:06:24.677Z"}}, {"model": "gso_notifications.notification", "pk": 24, "fields": {"user": ["personnel"], "title": "Request GSO-2026-0002 assigned", "message": "You have been assigned to: dasdas", "link": "/accounts/staff/request-management/2/", "read": true, "created_at": "2026-04-21T15:07:09.168Z"}}, {"model": "gso_notifications.notification", "pk": 25, "fields": {"user": ["gsooffice"], "title": "Request GSO-2026-0002 assigned", "message": "Personnel assigned to dasdas — Repair & Maintenance", "link": "/accounts/staff/request-management/2/", "read": true, "created_at": "2026-04-21T15:07:09.377Z"}}, {"model": "gso_notifications.notification", "pk": 26, "fields": {"user": ["director"], "title": "Request GSO-2026-0002 assigned", "message": "Personnel assigned to dasdas — Repair & Maintenance", "link": "/accounts/staff/request-management/2/", "read": true, "created_at": "2026-04-21T15:07:09.482Z"}}, {"model": "gso_notifications.notification", "pk": 27, "fields": {"user": ["requestor"], "title": "Request GSO-2026-0002 approved", "message": "Your request has been approved. Work will start soon.", "link": "/accounts/requestor/request/2/", "read": true, "created_at": "2026-04-21T15:08:02.749Z"}}, {"model": "gso_notifications.notification", "pk": 28, "fields": {"user": ["personnel"], "title": "Request GSO-2026-0002 approved", "message": "Work can start: dasdas", "link": "/accounts/staff/request-management/2/", "read": true, "created_at": "2026-04-21T15:08:02.967Z"}}, {"model": "gso_notifications.notification", "pk": 29, "fields": {"user": ["unithead"], "title": "Request GSO-2026-0002 approved", "message": "Request approved; personnel can start work: dasdas", "link": "/accounts/staff/request-management/2/", "read": true, "created_at": "2026-04-21T15:08:03.175Z"}}, {"model": "gso_notifications.notification", "pk": 30, "fields": {"user": ["requestor"], "title": "Request GSO-2026-0002 — Work started", "message": "Work has started on your request.", "link": "/accounts/requestor/request/2/", "read": true, "created_at": "2026-04-21T15:09:00.877Z"}}, {"model": "gso_notifications.notification", "pk": 31, "fields": {"user": ["requestor"], "title": "Request GSO-2026-0002 — On hold", "message": "Work on your request has been put on hold.", "link": "/accounts/requestor/request/2/", "read": true, "created_at": "2026-04-21T15:09:10.195Z"}}, {"model": "gso_notifications.notification", "pk": 32, "fields": {"user": ["requestor"], "title": "Request GSO-2026-0002 — Work resumed", "message": "Work on your request has resumed.", "link": "/accounts/requestor/request/2/", "read": true, "created_at": "2026-04-21T15:09:19.427Z"}}, {"model": "gso_notifications.notification", "pk": 33, "fields": {"user": ["requestor"], "title": "Request GSO-2026-0002 — On hold", "message": "Work on your request has been put on hold.", "link": "/accounts/requestor/request/2/", "read": true, "created_at": "2026-04-21T15:09:45.527Z"}}, {"model": "gso_notifications.notification", "pk": 34, "fields": {"user": ["requestor"], "title": "Request GSO-2026-0002 — Work resumed", "message": "Work on your request has resumed.", "link": "/accounts/requestor/request/2/", "read": true, "created_at": "2026-04-21T15:11:37.735Z"}}, {"model": "gso_notifications.notification", "pk": 35, "fields": {"user": ["requestor"], "title": "Request GSO-2026-0002 — On hold", "message": "Work on your request has been put on hold.", "link": "/accounts/requestor/request/2/", "read": true, "created_at": "2026-04-21T15:11:44.719Z"}}, {"model": "gso_notifications.notification", "pk": 36, "fields": {"user": ["requestor"], "title": "Request GSO-2026-0002 — Work resumed", "message": "Work on your request has resumed.", "link": "/accounts/requestor/request/2/", "read": true, "created_at": "2026-04-21T15:11:51.559Z"}}, {"model": "gso_notifications.notification", "pk": 37, "fields": {"user": ["unithead"], "title": "Request GSO-2026-0002 — Done working", "message": "Personnel marked work complete for review: dasdas", "link": "/accounts/staff/request-management/2/", "read": true, "created_at": "2026-04-21T15:12:02.801Z"}}, {"model": "gso_notifications.notification", "pk": 38, "fields": {"user": ["requestor"], "title": "Request GSO-2026-0002 — Work done", "message": "Work on your request is complete. It is now awaiting approval from the unit head before it is marked completed.", "link": "/accounts/requestor/request/2/", "read": true, "created_at": "2026-04-21T15:12:02.905Z"}}, {"model": "gso_notifications.notification", "pk": 39, "fields": {"user": ["requestor"], "title": "Request GSO-2026-0004 submitted", "message": "Your request has been received.", "link": "/accounts/requestor/request/4/", "read": true, "created_at": "2026-04-22T02:57:26.438Z"}}, {"model": "gso_notifications.notification", "pk": 40, "fields": {"user": ["unithead"], "title": "Request GSO-2026-0004 submitted", "message": "New request for your unit: Repair & Maintenance", "link": "/accounts/staff/request-management/4/", "read": true, "created_at": "2026-04-22T02:57:26.665Z"}}, {"model": "gso_notifications.notification", "pk": 41, "fields": {"user": ["gsooffice"], "title": "Request GSO-2026-0004 submitted", "message": "Aircon Repair — Repair & Maintenance", "link": "/accounts/staff/request-management/4/", "read": true, "created_at": "2026-04-22T02:57:26.859Z"}}, {"model": "gso_notifications.notification", "pk": 42, "fields": {"user": ["director"], "title": "Request GSO-2026-0004 submitted", "message": "Aircon Repair — Repair & Maintenance", "link": "/accounts/staff/request-management/4/", "read": true, "created_at": "2026-04-22T02:57:27.070Z"}}, {"model": "gso_notifications.notification", "pk": 43, "fields": {"user": ["personnel"], "title": "Request GSO-2026-0004 assigned", "message": "You have been assigned to: Aircon Repair", "link": "/accounts/staff/request-management/4/", "read": true, "created_at": "2026-04-22T03:24:06.987Z"}}, {"model": "gso_notifications.notification", "pk": 44, "fields": {"user": ["gsooffice"], "title": "Request GSO-2026-0004 assigned", "message": "Personnel assigned to Aircon Repair — Repair & Maintenance", "link": "/accounts/staff/request-management/4/", "read": true, "created_at": "2026-04-22T03:24:07.168Z"}}, {"model": "gso_notifications.notification", "pk": 45, "fields": {"user": ["director"], "title": "Request GSO-2026-0004 assigned", "message": "Personnel assigned to Aircon Repair — Repair & Maintenance", "link": "/accounts/staff/request-management/4/", "read": true, "created_at": "2026-04-22T03:24:07.265Z"}}, {"model": "gso_notifications.notification", "pk": 46, "fields": {"user": ["requestor"], "title": "Request GSO-2026-0004 approved", "message": "Your request has been approved. Work will start soon.", "link": "/accounts/requestor/request/4/", "read": true, "created_at": "2026-04-22T03:25:17.761Z"}}, {"model": "gso_notifications.notification", "pk": 47, "fields": {"user": ["personnel"], "title": "Request GSO-2026-0004 approved", "message": "Work can start: Aircon Repair", "link": "/accounts/staff/request-management/4/", "read": true, "created_at": "2026-04-22T03:25:18.090Z"}}, {"model": "gso_notifications.notification", "pk": 48, "fields": {"user": ["unithead"], "title": "Request GSO-2026-0004 approved", "message": "Request approved; personnel can start work: Aircon Repair", "link": "/accounts/staff/request-management/4/", "read": true, "created_at": "2026-04-22T03:25:18.367Z"}}, {"model": "gso_notifications.notification", "pk": 49, "fields": {"user": ["requestor"], "title": "Request GSO-2026-0004 — On hold", "message": "Work on your request has been put on hold.", "link": "/accounts/requestor/request/4/", "read": true, "created_at": "2026-04-22T03:26:46.529Z"}}, {"model": "gso_notifications.notification", "pk": 50, "fields": {"user": ["requestor"], "title": "Request GSO-2026-0004 — Work resumed", "message": "Work on your request has resumed.", "link": "/accounts/requestor/request/4/", "read": true, "created_at": "2026-04-22T03:26:55.564Z"}}, {"model": "gso_notifications.notification", "pk": 51, "fields": {"user": ["unithead"], "title": "Request GSO-2026-0004 — Done working", "message": "Personnel marked work complete for review: Aircon Repair", "link": "/accounts/staff/request-management/4/", "read": true, "created_at": "2026-04-22T03:27:21.560Z"}}, {"model": "gso_notifications.notification", "pk": 52, "fields": {"user": ["requestor"], "title": "Request GSO-2026-0004 — Work done", "message": "Work on your request is complete. It is now awaiting approval from the unit head before it is marked completed.", "link": "/accounts/requestor/request/4/", "read": true, "created_at": "2026-04-22T03:27:21.869Z"}}, {"model": "gso_notifications.notification", "pk": 53, "fields": {"user": ["requestor"], "title": "Request GSO-2026-0004 completed", "message": "Your request has been completed: Aircon Repair. Please submit your feedback (Client Satisfaction form) for this request.", "link": "/accounts/requestor/request/4/", "read": true, "created_at": "2026-04-22T03:28:14.775Z"}}, {"model": "gso_notifications.notification", "pk": 54, "fields": {"user": ["director"], "title": "Request GSO-2026-0004 completed", "message": "Request completed: Aircon Repair — Repair & Maintenance", "link": "/accounts/staff/request-management/4/", "read": true, "created_at": "2026-04-22T03:28:14.978Z"}}, {"model": "gso_notifications.notification", "pk": 55, "fields": {"user": ["gsooffice"], "title": "Request GSO-2026-0004 completed", "message": "Request completed: Aircon Repair — Repair & Maintenance", "link": "/accounts/staff/request-management/4/", "read": false, "created_at": "2026-04-22T03:28:15.077Z"}}, {"model": "gso_notifications.notification", "pk": 56, "fields": {"user": ["requestor"], "title": "Request GSO-2026-0005 submitted", "message": "Your request has been received.", "link": "/accounts/requestor/request/5/", "read": true, "created_at": "2026-04-22T06:09:49.764Z"}}, {"model": "gso_notifications.notification", "pk": 57, "fields": {"user": ["unithead"], "title": "Request GSO-2026-0005 submitted", "message": "New request for your unit: Repair & Maintenance", "link": "/accounts/staff/request-management/5/", "read": true, "created_at": "2026-04-22T06:09:49.916Z"}}, {"model": "gso_notifications.notification", "pk": 58, "fields": {"user": ["gsooffice"], "title": "Request GSO-2026-0005 submitted", "message": "fafa @ afafas — Repair & Maintenance", "link": "/accounts/staff/request-management/5/", "read": false, "created_at": "2026-04-22T06:09:50.042Z"}}, {"model": "gso_notifications.notification", "pk": 59, "fields": {"user": ["director"], "title": "Request GSO-2026-0005 submitted", "message": "fafa @ afafas — Repair & Maintenance", "link": "/accounts/staff/request-management/5/", "read": true, "created_at": "2026-04-22T06:09:50.104Z"}}, {"model": "gso_notifications.notification", "pk": 60, "fields": {"user": ["requestor"], "title": "Request GSO-2026-0006 submitted", "message": "Your request has been received.", "link": "/accounts/requestor/request/6/", "read": true, "created_at": "2026-04-22T06:10:16.079Z"}}, {"model": "gso_notifications.notification", "pk": 61, "fields": {"user": ["unithead"], "title": "Request GSO-2026-0006 submitted", "message": "New request for your unit: Repair & Maintenance", "link": "/accounts/staff/request-management/6/", "read": true, "created_at": "2026-04-22T06:10:16.197Z"}}, {"model": "gso_notifications.notification", "pk": 62, "fields": {"user": ["gsooffice"], "title": "Request GSO-2026-0006 submitted", "message": "fadfsafsa @ fasdfsadf — Repair & Maintenance", "link": "/accounts/staff/request-management/6/", "read": false, "created_at": "2026-04-22T06:10:16.316Z"}}, {"model": "gso_notifications.notification", "pk": 63, "fields": {"user": ["director"], "title": "Request GSO-2026-0006 submitted", "message": "fadfsafsa @ fasdfsadf — Repair & Maintenance", "link": "/accounts/staff/request-management/6/", "read": true, "created_at": "2026-04-22T06:10:16.365Z"}}, {"model": "gso_notifications.notification", "pk": 64, "fields": {"user": ["requestor"], "title": "Request GSO-2026-0007 submitted", "message": "Your request has been received.", "link": "/accounts/requestor/request/7/", "read": true, "created_at": "2026-04-22T06:17:49.428Z"}}, {"model": "gso_notifications.notification", "pk": 65, "fields": {"user": ["gsooffice"], "title": "Request GSO-2026-0007 submitted", "message": "fafasdf @ fafasdfa — Motorpool", "link": "/accounts/staff/request-management/7/", "read": false, "created_at": "2026-04-22T06:17:49.789Z"}}, {"model": "gso_notifications.notification", "pk": 66, "fields": {"user": ["director"], "title": "Request GSO-2026-0007 submitted", "message": "fafasdf @ fafasdfa — Motorpool", "link": "/accounts/staff/request-management/7/", "read": true, "created_at": "2026-04-22T06:17:50.006Z"}}, {"model": "gso_notifications.notification", "pk": 67, "fields": {"user": ["requestor"], "title": "Request GSO-2026-0008 submitted", "message": "Your request has been received.", "link": "/accounts/requestor/request/8/", "read": true, "created_at": "2026-04-22T06:18:24.852Z"}}, {"model": "gso_notifications.notification", "pk": 68, "fields": {"user": ["unithead"], "title": "Request GSO-2026-0008 submitted", "message": "New request for your unit: Repair & Maintenance", "link": "/accounts/staff/request-management/8/", "read": true, "created_at": "2026-04-22T06:18:25.015Z"}}, {"model": "gso_notifications.notification", "pk": 69, "fields": {"user": ["gsooffice"], "title": "Request GSO-2026-0008 submitted", "message": "fa @ fad — Repair & Maintenance", "link": "/accounts/staff/request-management/8/", "read": false, "created_at": "2026-04-22T06:18:25.250Z"}}, {"model": "gso_notifications.notification", "pk": 70, "fields": {"user": ["director"], "title": "Request GSO-2026-0008 submitted", "message": "fa @ fad — Repair & Maintenance", "link": "/accounts/staff/request-management/8/", "read": true, "created_at": "2026-04-22T06:18:25.454Z"}}, {"model": "gso_notifications.notification", "pk": 71, "fields": {"user": ["requestor"], "title": "Request GSO-2026-0009 submitted", "message": "Your request has been received.", "link": "/accounts/requestor/request/9/", "read": true, "created_at": "2026-04-22T06:23:02.388Z"}}, {"model": "gso_notifications.notification", "pk": 72, "fields": {"user": ["gsooffice"], "title": "Request GSO-2026-0009 submitted", "message": "sfafsadf @ fasfasdf — Motorpool", "link": "/accounts/staff/request-management/9/", "read": false, "created_at": "2026-04-22T06:23:02.809Z"}}, {"model": "gso_notifications.notification", "pk": 73, "fields": {"user": ["director"], "title": "Request GSO-2026-0009 submitted", "message": "sfafsadf @ fasfasdf — Motorpool", "link": "/accounts/staff/request-management/9/", "read": true, "created_at": "2026-04-22T06:23:02.885Z"}}, {"model": "gso_notifications.notification", "pk": 74, "fields": {"user": ["requestor"], "title": "Request GSO-2026-0010 submitted", "message": "Your request has been received.", "link": "/accounts/requestor/request/10/", "read": true, "created_at": "2026-04-22T06:27:55.309Z"}}, {"model": "gso_notifications.notification", "pk": 75, "fields": {"user": ["unithead"], "title": "Request GSO-2026-0010 submitted", "message": "New request for your unit: Repair & Maintenance", "link": "/accounts/staff/request-management/10/", "read": true, "created_at": "2026-04-22T06:27:55.433Z"}}, {"model": "gso_notifications.notification", "pk": 76, "fields": {"user": ["gsooffice"], "title": "Request GSO-2026-0010 submitted", "message": "fgfd @ gfdgfd — Repair & Maintenance", "link": "/accounts/staff/request-management/10/", "read": false, "created_at": "2026-04-22T06:27:55.643Z"}}, {"model": "gso_notifications.notification", "pk": 77, "fields": {"user": ["director"], "title": "Request GSO-2026-0010 submitted", "message": "fgfd @ gfdgfd — Repair & Maintenance", "link": "/accounts/staff/request-management/10/", "read": true, "created_at": "2026-04-22T06:27:55.720Z"}}, {"model": "gso_notifications.notification", "pk": 78, "fields": {"user": ["requestor"], "title": "Request GSO-2026-0011 submitted", "message": "Your request has been received.", "link": "/accounts/requestor/request/11/", "read": true, "created_at": "2026-04-22T06:30:07.995Z"}}, {"model": "gso_notifications.notification", "pk": 79, "fields": {"user": ["unithead"], "title": "Request GSO-2026-0011 submitted", "message": "New request for your unit: Repair & Maintenance", "link": "/accounts/staff/request-management/11/", "read": true, "created_at": "2026-04-22T06:30:08.143Z"}}, {"model": "gso_notifications.notification", "pk": 80, "fields": {"user": ["gsooffice"], "title": "Request GSO-2026-0011 submitted", "message": "sgadfadf @ fadfasdf — Repair & Maintenance", "link": "/accounts/staff/request-management/11/", "read": false, "created_at": "2026-04-22T06:30:08.261Z"}}, {"model": "gso_notifications.notification", "pk": 81, "fields": {"user": ["director"], "title": "Request GSO-2026-0011 submitted", "message": "sgadfadf @ fadfasdf — Repair & Maintenance", "link": "/accounts/staff/request-management/11/", "read": true, "created_at": "2026-04-22T06:30:08.361Z"}}, {"model": "gso_notifications.notification", "pk": 82, "fields": {"user": ["requestor"], "title": "Request GSO-2026-0012 submitted", "message": "Your request has been received.", "link": "/accounts/requestor/request/12/", "read": true, "created_at": "2026-04-22T06:31:18.435Z"}}, {"model": "gso_notifications.notification", "pk": 83, "fields": {"user": ["unithead"], "title": "Request GSO-2026-0012 submitted", "message": "New request for your unit: Repair & Maintenance", "link": "/accounts/staff/request-management/12/", "read": true, "created_at": "2026-04-22T06:31:18.599Z"}}, {"model": "gso_notifications.notification", "pk": 84, "fields": {"user": ["gsooffice"], "title": "Request GSO-2026-0012 submitted", "message": "fasfas @ fadfas — Repair & Maintenance", "link": "/accounts/staff/request-management/12/", "read": false, "created_at": "2026-04-22T06:31:18.755Z"}}, {"model": "gso_notifications.notification", "pk": 85, "fields": {"user": ["director"], "title": "Request GSO-2026-0012 submitted", "message": "fasfas @ fadfas — Repair & Maintenance", "link": "/accounts/staff/request-management/12/", "read": true, "created_at": "2026-04-22T06:31:18.816Z"}}, {"model": "gso_notifications.notification", "pk": 86, "fields": {"user": ["requestor"], "title": "Request GSO-2026-0013 submitted", "message": "Your request has been received.", "link": "/accounts/requestor/request/13/", "read": true, "created_at": "2026-04-22T06:31:34.295Z"}}, {"model": "gso_notifications.notification", "pk": 87, "fields": {"user": ["unithead"], "title": "Request GSO-2026-0013 submitted", "message": "New request for your unit: Repair & Maintenance", "link": "/accounts/staff/request-management/13/", "read": true, "created_at": "2026-04-22T06:31:34.467Z"}}, {"model": "gso_notifications.notification", "pk": 88, "fields": {"user": ["gsooffice"], "title": "Request GSO-2026-0013 submitted", "message": "sddfasdfas @ fadsfa — Repair & Maintenance", "link": "/accounts/staff/request-management/13/", "read": false, "created_at": "2026-04-22T06:31:34.575Z"}}, {"model": "gso_notifications.notification", "pk": 89, "fields": {"user": ["director"], "title": "Request GSO-2026-0013 submitted", "message": "sddfasdfas @ fadsfa — Repair & Maintenance", "link": "/accounts/staff/request-management/13/", "read": true, "created_at": "2026-04-22T06:31:34.635Z"}}, {"model": "gso_notifications.notification", "pk": 90, "fields": {"user": ["requestor"], "title": "Request GSO-2026-0014 submitted", "message": "Your request has been received.", "link": "/accounts/requestor/request/14/", "read": true, "created_at": "2026-04-22T06:31:46.401Z"}}, {"model": "gso_notifications.notification", "pk": 91, "fields": {"user": ["unithead"], "title": "Request GSO-2026-0014 submitted", "message": "New request for your unit: Repair & Maintenance", "link": "/accounts/staff/request-management/14/", "read": true, "created_at": "2026-04-22T06:31:46.556Z"}}, {"model": "gso_notifications.notification", "pk": 92, "fields": {"user": ["gsooffice"], "title": "Request GSO-2026-0014 submitted", "message": "fasfsaf @ fadfa — Repair & Maintenance", "link": "/accounts/staff/request-management/14/", "read": false, "created_at": "2026-04-22T06:31:46.714Z"}}, {"model": "gso_notifications.notification", "pk": 93, "fields": {"user": ["director"], "title": "Request GSO-2026-0014 submitted", "message": "fasfsaf @ fadfa — Repair & Maintenance", "link": "/accounts/staff/request-management/14/", "read": true, "created_at": "2026-04-22T06:31:46.797Z"}}, {"model": "gso_notifications.notification", "pk": 94, "fields": {"user": ["requestor"], "title": "Request GSO-2026-0015 submitted", "message": "Your request has been received.", "link": "/accounts/requestor/request/15/", "read": true, "created_at": "2026-04-22T06:36:10.447Z"}}, {"model": "gso_notifications.notification", "pk": 95, "fields": {"user": ["unithead"], "title": "Request GSO-2026-0015 submitted", "message": "New request for your unit: Repair & Maintenance", "link": "/accounts/staff/request-management/15/", "read": true, "created_at": "2026-04-22T06:36:10.801Z"}}, {"model": "gso_notifications.notification", "pk": 96, "fields": {"user": ["gsooffice"], "title": "Request GSO-2026-0015 submitted", "message": "dsaf @ fa — Repair & Maintenance", "link": "/accounts/staff/request-management/15/", "read": false, "created_at": "2026-04-22T06:36:11.163Z"}}, {"model": "gso_notifications.notification", "pk": 97, "fields": {"user": ["director"], "title": "Request GSO-2026-0015 submitted", "message": "dsaf @ fa — Repair & Maintenance", "link": "/accounts/staff/request-management/15/", "read": true, "created_at": "2026-04-22T06:36:11.263Z"}}, {"model": "gso_notifications.notification", "pk": 98, "fields": {"user": ["requestor"], "title": "Request GSO-2026-0016 submitted", "message": "Your request has been received.", "link": "/accounts/requestor/request/16/", "read": true, "created_at": "2026-04-22T06:36:27.296Z"}}, {"model": "gso_notifications.notification", "pk": 99, "fields": {"user": ["unithead"], "title": "Request GSO-2026-0016 submitted", "message": "New request for your unit: Repair & Maintenance", "link": "/accounts/staff/request-management/16/", "read": true, "created_at": "2026-04-22T06:36:27.493Z"}}, {"model": "gso_notifications.notification", "pk": 100, "fields": {"user": ["gsooffice"], "title": "Request GSO-2026-0016 submitted", "message": "fasdf @ fada — Repair & Maintenance", "link": "/accounts/staff/request-management/16/", "read": false, "created_at": "2026-04-22T06:36:27.766Z"}}, {"model": "gso_notifications.notification", "pk": 101, "fields": {"user": ["director"], "title": "Request GSO-2026-0016 submitted", "message": "fasdf @ fada — Repair & Maintenance", "link": "/accounts/staff/request-management/16/", "read": true, "created_at": "2026-04-22T06:36:28.010Z"}}, {"model": "gso_notifications.notification", "pk": 102, "fields": {"user": ["requestor"], "title": "Request GSO-2026-0017 submitted", "message": "Your request has been received.", "link": "/accounts/requestor/request/17/", "read": true, "created_at": "2026-04-22T06:36:43.476Z"}}, {"model": "gso_notifications.notification", "pk": 103, "fields": {"user": ["unithead"], "title": "Request GSO-2026-0017 submitted", "message": "New request for your unit: Repair & Maintenance", "link": "/accounts/staff/request-management/17/", "read": true, "created_at": "2026-04-22T06:36:43.743Z"}}, {"model": "gso_notifications.notification", "pk": 104, "fields": {"user": ["gsooffice"], "title": "Request GSO-2026-0017 submitted", "message": "fadfa @ fadaf — Repair & Maintenance", "link": "/accounts/staff/request-management/17/", "read": false, "created_at": "2026-04-22T06:36:43.994Z"}}, {"model": "gso_notifications.notification", "pk": 105, "fields": {"user": ["director"], "title": "Request GSO-2026-0017 submitted", "message": "fadfa @ fadaf — Repair & Maintenance", "link": "/accounts/staff/request-management/17/", "read": true, "created_at": "2026-04-22T06:36:44.058Z"}}, {"model": "gso_notifications.notification", "pk": 106, "fields": {"user": ["requestor"], "title": "Request GSO-2026-0018 submitted", "message": "Your request has been received.", "link": "/accounts/requestor/request/18/", "read": true, "created_at": "2026-04-22T06:37:39.062Z"}}, {"model": "gso_notifications.notification", "pk": 107, "fields": {"user": ["unithead"], "title": "Request GSO-2026-0018 submitted", "message": "New request for your unit: Repair & Maintenance", "link": "/accounts/staff/request-management/18/", "read": true, "created_at": "2026-04-22T06:37:39.195Z"}}, {"model": "gso_notifications.notification", "pk": 108, "fields": {"user": ["gsooffice"], "title": "Request GSO-2026-0018 submitted", "message": "sdfaaf @ fadfs — Repair & Maintenance", "link": "/accounts/staff/request-management/18/", "read": false, "created_at": "2026-04-22T06:37:39.304Z"}}, {"model": "gso_notifications.notification", "pk": 109, "fields": {"user": ["director"], "title": "Request GSO-2026-0018 submitted", "message": "sdfaaf @ fadfs — Repair & Maintenance", "link": "/accounts/staff/request-management/18/", "read": true, "created_at": "2026-04-22T06:37:39.367Z"}}, {"model": "gso_notifications.notification", "pk": 110, "fields": {"user": ["requestor"], "title": "Request GSO-2026-0019 submitted", "message": "Your request has been received.", "link": "/accounts/requestor/request/19/", "read": true, "created_at": "2026-04-22T06:39:53.774Z"}}, {"model": "gso_notifications.notification", "pk": 111, "fields": {"user": ["gsooffice"], "title": "Request GSO-2026-0019 submitted", "message": "fdas @ fad — Motorpool", "link": "/accounts/staff/request-management/19/", "read": false, "created_at": "2026-04-22T06:39:53.960Z"}}, {"model": "gso_notifications.notification", "pk": 112, "fields": {"user": ["director"], "title": "Request GSO-2026-0019 submitted", "message": "fdas @ fad — Motorpool", "link": "/accounts/staff/request-management/19/", "read": true, "created_at": "2026-04-22T06:39:54.017Z"}}, {"model": "gso_notifications.notification", "pk": 113, "fields": {"user": ["requestor"], "title": "Request GSO-2026-0020 submitted", "message": "Your request has been received.", "link": "/accounts/requestor/request/20/", "read": true, "created_at": "2026-04-22T06:40:47.565Z"}}, {"model": "gso_notifications.notification", "pk": 114, "fields": {"user": ["unithead"], "title": "Request GSO-2026-0020 submitted", "message": "New request for your unit: Repair & Maintenance", "link": "/accounts/staff/request-management/20/", "read": true, "created_at": "2026-04-22T06:40:47.678Z"}}, {"model": "gso_notifications.notification", "pk": 115, "fields": {"user": ["gsooffice"], "title": "Request GSO-2026-0020 submitted", "message": "asasd @ dasda — Repair & Maintenance", "link": "/accounts/staff/request-management/20/", "read": false, "created_at": "2026-04-22T06:40:47.793Z"}}, {"model": "gso_notifications.notification", "pk": 116, "fields": {"user": ["director"], "title": "Request GSO-2026-0020 submitted", "message": "asasd @ dasda — Repair & Maintenance", "link": "/accounts/staff/request-management/20/", "read": true, "created_at": "2026-04-22T06:40:47.851Z"}}, {"model": "gso_notifications.notification", "pk": 117, "fields": {"user": ["requestor"], "title": "Request GSO-2026-0021 submitted", "message": "Your request has been received.", "link": "/accounts/requestor/request/21/", "read": true, "created_at": "2026-04-22T06:44:24.500Z"}}, {"model": "gso_notifications.notification", "pk": 118, "fields": {"user": ["unithead"], "title": "Request GSO-2026-0021 submitted", "message": "New request for your unit: Repair & Maintenance", "link": "/accounts/staff/request-management/21/", "read": true, "created_at": "2026-04-22T06:44:24.618Z"}}, {"model": "gso_notifications.notification", "pk": 119, "fields": {"user": ["gsooffice"], "title": "Request GSO-2026-0021 submitted", "message": "fadfasd @ fasdfadf — Repair & Maintenance", "link": "/accounts/staff/request-management/21/", "read": false, "created_at": "2026-04-22T06:44:24.723Z"}}, {"model": "gso_notifications.notification", "pk": 120, "fields": {"user": ["director"], "title": "Request GSO-2026-0021 submitted", "message": "fadfasd @ fasdfadf — Repair & Maintenance", "link": "/accounts/staff/request-management/21/", "read": true, "created_at": "2026-04-22T06:44:24.782Z"}}, {"model": "gso_notifications.notification", "pk": 121, "fields": {"user": ["requestor"], "title": "Request GSO-2026-0022 submitted", "message": "Your request has been received.", "link": "/accounts/requestor/request/22/", "read": true, "created_at": "2026-04-22T08:36:50.835Z"}}, {"model": "gso_notifications.notification", "pk": 122, "fields": {"user": ["unithead"], "title": "Request GSO-2026-0022 submitted", "message": "New request for your unit: Repair & Maintenance", "link": "/accounts/staff/request-management/22/", "read": true, "created_at": "2026-04-22T08:36:52.353Z"}}, {"model": "gso_notifications.notification", "pk": 123, "fields": {"user": ["director"], "title": "Request GSO-2026-0022 submitted", "message": "fsafdfs @ fsdfsd — Repair & Maintenance", "link": "/accounts/staff/request-management/22/", "read": true, "created_at": "2026-04-22T08:36:55.069Z"}}, {"model": "gso_notifications.notification", "pk": 124, "fields": {"user": ["gsooffice"], "title": "Request GSO-2026-0022 submitted", "message": "fsafdfs @ fsdfsd — Repair & Maintenance", "link": "/accounts/staff/request-management/22/", "read": false, "created_at": "2026-04-22T08:36:56.418Z"}}, {"model": "gso_notifications.notification", "pk": 125, "fields": {"user": ["personnel"], "title": "Request GSO-2026-0022 assigned", "message": "You have been assigned to: fsafdfs @ fsdfsd", "link": "/accounts/staff/request-management/22/", "read": true, "created_at": "2026-04-22T08:37:29.657Z"}}, {"model": "gso_notifications.notification", "pk": 126, "fields": {"user": ["director"], "title": "Request GSO-2026-0022 assigned", "message": "Personnel assigned to fsafdfs @ fsdfsd — Repair & Maintenance", "link": "/accounts/staff/request-management/22/", "read": true, "created_at": "2026-04-22T08:37:29.861Z"}}, {"model": "gso_notifications.notification", "pk": 127, "fields": {"user": ["gsooffice"], "title": "Request GSO-2026-0022 assigned", "message": "Personnel assigned to fsafdfs @ fsdfsd — Repair & Maintenance", "link": "/accounts/staff/request-management/22/", "read": false, "created_at": "2026-04-22T08:37:29.977Z"}}, {"model": "gso_notifications.notification", "pk": 128, "fields": {"user": ["requestor"], "title": "Request GSO-2026-0022 approved", "message": "Your request has been approved. Work will start soon.", "link": "/accounts/requestor/request/22/", "read": true, "created_at": "2026-04-22T08:38:17.382Z"}}, {"model": "gso_notifications.notification", "pk": 129, "fields": {"user": ["personnel"], "title": "Request GSO-2026-0022 approved", "message": "Work can start: fsafdfs @ fsdfsd", "link": "/accounts/staff/request-management/22/", "read": true, "created_at": "2026-04-22T08:38:17.530Z"}}, {"model": "gso_notifications.notification", "pk": 130, "fields": {"user": ["unithead"], "title": "Request GSO-2026-0022 approved", "message": "Request approved; personnel can start work: fsafdfs @ fsdfsd", "link": "/accounts/staff/request-management/22/", "read": true, "created_at": "2026-04-22T08:38:17.667Z"}}, {"model": "gso_notifications.notification", "pk": 131, "fields": {"user": ["requestor"], "title": "Request GSO-2026-0022 — On hold", "message": "Work on your request has been put on hold.", "link": "/accounts/requestor/request/22/", "read": true, "created_at": "2026-04-22T08:39:48.230Z"}}, {"model": "gso_notifications.notification", "pk": 132, "fields": {"user": ["requestor"], "title": "Request GSO-2026-0022 — Work resumed", "message": "Work on your request has resumed.", "link": "/accounts/requestor/request/22/", "read": true, "created_at": "2026-04-22T08:41:26.007Z"}}, {"model": "gso_notifications.notification", "pk": 133, "fields": {"user": ["requestor"], "title": "Request GSO-2026-0022 — On hold", "message": "Work on your request has been put on hold.", "link": "/accounts/requestor/request/22/", "read": true, "created_at": "2026-04-22T08:41:38.708Z"}}, {"model": "gso_notifications.notification", "pk": 134, "fields": {"user": ["requestor"], "title": "Request GSO-2026-0022 — Work resumed", "message": "Work on your request has resumed.", "link": "/accounts/requestor/request/22/", "read": true, "created_at": "2026-04-22T08:41:45.738Z"}}, {"model": "gso_notifications.notification", "pk": 135, "fields": {"user": ["unithead"], "title": "Request GSO-2026-0022 — Done working", "message": "Personnel marked work complete for review: fsafdfs @ fsdfsd", "link": "/accounts/staff/request-management/22/", "read": true, "created_at": "2026-04-22T08:41:56.630Z"}}, {"model": "gso_notifications.notification", "pk": 136, "fields": {"user": ["requestor"], "title": "Request GSO-2026-0022 — Work done", "message": "Work on your request is complete. It is now awaiting approval from the unit head before it is marked completed.", "link": "/accounts/requestor/request/22/", "read": true, "created_at": "2026-04-22T08:41:56.725Z"}}, {"model": "gso_notifications.notification", "pk": 137, "fields": {"user": ["personnel"], "title": "Request GSO-2026-0021 assigned", "message": "You have been assigned to: fadfasd @ fasdfadf", "link": "/accounts/staff/request-management/21/", "read": true, "created_at": "2026-04-22T08:54:29.182Z"}}, {"model": "gso_notifications.notification", "pk": 138, "fields": {"user": ["gsooffice"], "title": "Request GSO-2026-0021 assigned", "message": "Personnel assigned to fadfasd @ fasdfadf — Repair & Maintenance", "link": "/accounts/staff/request-management/21/", "read": false, "created_at": "2026-04-22T08:54:29.488Z"}}, {"model": "gso_notifications.notification", "pk": 139, "fields": {"user": ["director"], "title": "Request GSO-2026-0021 assigned", "message": "Personnel assigned to fadfasd @ fasdfadf — Repair & Maintenance", "link": "/accounts/staff/request-management/21/", "read": true, "created_at": "2026-04-22T08:54:29.600Z"}}, {"model": "gso_notifications.notification", "pk": 140, "fields": {"user": ["requestor"], "title": "Request GSO-2026-0021 approved", "message": "Your request has been approved. Work will start soon.", "link": "/accounts/requestor/request/21/", "read": true, "created_at": "2026-04-22T08:55:24.504Z"}}, {"model": "gso_notifications.notification", "pk": 141, "fields": {"user": ["personnel"], "title": "Request GSO-2026-0021 approved", "message": "Work can start: fadfasd @ fasdfadf", "link": "/accounts/staff/request-management/21/", "read": true, "created_at": "2026-04-22T08:55:24.702Z"}}, {"model": "gso_notifications.notification", "pk": 142, "fields": {"user": ["unithead"], "title": "Request GSO-2026-0021 approved", "message": "Request approved; personnel can start work: fadfasd @ fasdfadf", "link": "/accounts/staff/request-management/21/", "read": true, "created_at": "2026-04-22T08:55:24.865Z"}}, {"model": "gso_notifications.notification", "pk": 143, "fields": {"user": ["requestor"], "title": "Request GSO-2026-0021 — On hold", "message": "Work on your request has been put on hold.", "link": "/accounts/requestor/request/21/", "read": true, "created_at": "2026-04-22T09:09:02.250Z"}}, {"model": "gso_notifications.notification", "pk": 144, "fields": {"user": ["requestor"], "title": "Request GSO-2026-0021 — Work resumed", "message": "Work on your request has resumed.", "link": "/accounts/requestor/request/21/", "read": true, "created_at": "2026-04-22T09:09:08.047Z"}}, {"model": "gso_notifications.notification", "pk": 145, "fields": {"user": ["requestor"], "title": "Request GSO-2026-0021 — On hold", "message": "Work on your request has been put on hold.", "link": "/accounts/requestor/request/21/", "read": true, "created_at": "2026-04-22T09:09:12.675Z"}}, {"model": "gso_notifications.notification", "pk": 146, "fields": {"user": ["requestor"], "title": "Request GSO-2026-0021 — Work resumed", "message": "Work on your request has resumed.", "link": "/accounts/requestor/request/21/", "read": true, "created_at": "2026-04-22T09:09:16.210Z"}}, {"model": "gso_notifications.notification", "pk": 147, "fields": {"user": ["unithead"], "title": "Request GSO-2026-0021 — Done working", "message": "Personnel marked work complete for review: fadfasd @ fasdfadf", "link": "/accounts/staff/request-management/21/", "read": true, "created_at": "2026-04-22T09:09:19.970Z"}}, {"model": "gso_notifications.notification", "pk": 148, "fields": {"user": ["requestor"], "title": "Request GSO-2026-0021 — Work done", "message": "Work on your request is complete. It is now awaiting approval from the unit head before it is marked completed.", "link": "/accounts/requestor/request/21/", "read": true, "created_at": "2026-04-22T09:09:20.024Z"}}, {"model": "gso_notifications.notification", "pk": 149, "fields": {"user": ["personnel"], "title": "Request GSO-2026-0020 assigned", "message": "You have been assigned to: asasd @ dasda", "link": "/accounts/staff/request-management/20/", "read": true, "created_at": "2026-04-22T12:26:13.828Z"}}, {"model": "gso_notifications.notification", "pk": 150, "fields": {"user": ["gsooffice"], "title": "Request GSO-2026-0020 assigned", "message": "Personnel assigned to asasd @ dasda — Repair & Maintenance", "link": "/accounts/staff/request-management/20/", "read": false, "created_at": "2026-04-22T12:26:14.041Z"}}, {"model": "gso_notifications.notification", "pk": 151, "fields": {"user": ["director"], "title": "Request GSO-2026-0020 assigned", "message": "Personnel assigned to asasd @ dasda — Repair & Maintenance", "link": "/accounts/staff/request-management/20/", "read": true, "created_at": "2026-04-22T12:26:14.138Z"}}, {"model": "gso_notifications.notification", "pk": 152, "fields": {"user": ["requestor"], "title": "Request GSO-2026-0020 approved", "message": "Your request has been approved. Work will start soon.", "link": "/accounts/requestor/request/20/", "read": true, "created_at": "2026-04-22T12:26:45.857Z"}}, {"model": "gso_notifications.notification", "pk": 153, "fields": {"user": ["personnel"], "title": "Request GSO-2026-0020 approved", "message": "Work can start: asasd @ dasda", "link": "/accounts/staff/request-management/20/", "read": true, "created_at": "2026-04-22T12:26:46.049Z"}}, {"model": "gso_notifications.notification", "pk": 154, "fields": {"user": ["unithead"], "title": "Request GSO-2026-0020 approved", "message": "Request approved; personnel can start work: asasd @ dasda", "link": "/accounts/staff/request-management/20/", "read": true, "created_at": "2026-04-22T12:26:46.242Z"}}, {"model": "gso_notifications.notification", "pk": 155, "fields": {"user": ["requestor"], "title": "Request GSO-2026-0020 — Work started", "message": "Work has started on your request.", "link": "/accounts/requestor/request/20/", "read": true, "created_at": "2026-04-22T12:43:21.701Z"}}, {"model": "gso_notifications.notification", "pk": 156, "fields": {"user": ["unithead"], "title": "Request GSO-2026-0020 — Done working", "message": "Personnel marked work complete for review: asasd @ dasda", "link": "/accounts/staff/request-management/20/", "read": true, "created_at": "2026-04-22T12:43:44.151Z"}}, {"model": "gso_notifications.notification", "pk": 157, "fields": {"user": ["requestor"], "title": "Request GSO-2026-0020 — Work done", "message": "Work on your request is complete. It is now awaiting approval from the unit head before it is marked completed.", "link": "/accounts/requestor/request/20/", "read": true, "created_at": "2026-04-22T12:43:44.256Z"}}, {"model": "gso_notifications.notification", "pk": 158, "fields": {"user": ["requestor"], "title": "Request GSO-2026-0020 completed", "message": "Your request has been completed: asasd @ dasda. Please submit your feedback (Client Satisfaction form) for this request.", "link": "/accounts/requestor/request/20/", "read": true, "created_at": "2026-04-22T12:44:07.182Z"}}, {"model": "gso_notifications.notification", "pk": 159, "fields": {"user": ["director"], "title": "Request GSO-2026-0020 completed", "message": "Request completed: asasd @ dasda — Repair & Maintenance", "link": "/accounts/staff/request-management/20/", "read": true, "created_at": "2026-04-22T12:44:07.390Z"}}, {"model": "gso_notifications.notification", "pk": 160, "fields": {"user": ["gsooffice"], "title": "Request GSO-2026-0020 completed", "message": "Request completed: asasd @ dasda — Repair & Maintenance", "link": "/accounts/staff/request-management/20/", "read": false, "created_at": "2026-04-22T12:44:07.495Z"}}, {"model": "gso_notifications.notification", "pk": 161, "fields": {"user": ["personnel"], "title": "Request GSO-2026-0018 assigned", "message": "You have been assigned to: sdfaaf @ fadfs", "link": "/accounts/staff/request-management/18/", "read": true, "created_at": "2026-04-22T12:44:37.788Z"}}, {"model": "gso_notifications.notification", "pk": 162, "fields": {"user": ["director"], "title": "Request GSO-2026-0018 assigned", "message": "Personnel assigned to sdfaaf @ fadfs — Repair & Maintenance", "link": "/accounts/staff/request-management/18/", "read": true, "created_at": "2026-04-22T12:44:37.978Z"}}, {"model": "gso_notifications.notification", "pk": 163, "fields": {"user": ["gsooffice"], "title": "Request GSO-2026-0018 assigned", "message": "Personnel assigned to sdfaaf @ fadfs — Repair & Maintenance", "link": "/accounts/staff/request-management/18/", "read": false, "created_at": "2026-04-22T12:44:38.070Z"}}, {"model": "gso_notifications.notification", "pk": 164, "fields": {"user": ["requestor"], "title": "Request GSO-2026-0018 approved", "message": "Your request has been approved. Work will start soon.", "link": "/accounts/requestor/request/18/", "read": true, "created_at": "2026-04-22T12:45:19.752Z"}}, {"model": "gso_notifications.notification", "pk": 165, "fields": {"user": ["personnel"], "title": "Request GSO-2026-0018 approved", "message": "Work can start: sdfaaf @ fadfs", "link": "/accounts/staff/request-management/18/", "read": true, "created_at": "2026-04-22T12:45:19.942Z"}}, {"model": "gso_notifications.notification", "pk": 166, "fields": {"user": ["unithead"], "title": "Request GSO-2026-0018 approved", "message": "Request approved; personnel can start work: sdfaaf @ fadfs", "link": "/accounts/staff/request-management/18/", "read": true, "created_at": "2026-04-22T12:45:20.143Z"}}, {"model": "gso_notifications.notification", "pk": 167, "fields": {"user": ["unithead"], "title": "Material request submitted — GSO-2026-0018", "message": "Sam Personnel requested 100 x Nail.", "link": "/accounts/staff/request-management/18/", "read": true, "created_at": "2026-04-22T12:46:06.977Z"}}, {"model": "gso_notifications.notification", "pk": 168, "fields": {"user": ["personnel"], "title": "Material request approved — GSO-2026-0018", "message": "Your material request for \"Nail\" was approved.", "link": "/accounts/staff/request-management/18/", "read": true, "created_at": "2026-04-22T12:46:27.847Z"}}, {"model": "gso_notifications.notification", "pk": 169, "fields": {"user": ["personnel2"], "title": "Request GSO-2026-0017 assigned", "message": "You have been assigned to: fadfa @ fadaf", "link": "/accounts/staff/request-management/17/", "read": true, "created_at": "2026-04-22T12:49:54.143Z"}}, {"model": "gso_notifications.notification", "pk": 170, "fields": {"user": ["personnel"], "title": "Request GSO-2026-0017 assigned", "message": "You have been assigned to: fadfa @ fadaf", "link": "/accounts/staff/request-management/17/", "read": true, "created_at": "2026-04-22T12:49:54.240Z"}}, {"model": "gso_notifications.notification", "pk": 171, "fields": {"user": ["director"], "title": "Request GSO-2026-0017 assigned", "message": "Personnel assigned to fadfa @ fadaf — Repair & Maintenance", "link": "/accounts/staff/request-management/17/", "read": true, "created_at": "2026-04-22T12:49:54.431Z"}}, {"model": "gso_notifications.notification", "pk": 172, "fields": {"user": ["gsooffice"], "title": "Request GSO-2026-0017 assigned", "message": "Personnel assigned to fadfa @ fadaf — Repair & Maintenance", "link": "/accounts/staff/request-management/17/", "read": false, "created_at": "2026-04-22T12:49:54.522Z"}}, {"model": "gso_notifications.notification", "pk": 173, "fields": {"user": ["requestor"], "title": "Request GSO-2026-0017 approved", "message": "Your request has been approved. Work will start soon.", "link": "/accounts/requestor/request/17/", "read": true, "created_at": "2026-04-22T12:50:43.318Z"}}, {"model": "gso_notifications.notification", "pk": 174, "fields": {"user": ["personnel2"], "title": "Request GSO-2026-0017 approved", "message": "Work can start: fadfa @ fadaf", "link": "/accounts/staff/request-management/17/", "read": true, "created_at": "2026-04-22T12:50:43.500Z"}}, {"model": "gso_notifications.notification", "pk": 175, "fields": {"user": ["personnel"], "title": "Request GSO-2026-0017 approved", "message": "Work can start: fadfa @ fadaf", "link": "/accounts/staff/request-management/17/", "read": true, "created_at": "2026-04-22T12:50:43.590Z"}}, {"model": "gso_notifications.notification", "pk": 176, "fields": {"user": ["unithead"], "title": "Request GSO-2026-0017 approved", "message": "Request approved; personnel can start work: fadfa @ fadaf", "link": "/accounts/staff/request-management/17/", "read": true, "created_at": "2026-04-22T12:50:43.798Z"}}, {"model": "gso_notifications.notification", "pk": 177, "fields": {"user": ["requestor"], "title": "Request GSO-2026-0017 — Work started", "message": "Work has started on your request.", "link": "/accounts/requestor/request/17/", "read": true, "created_at": "2026-04-22T12:52:43.274Z"}}, {"model": "gso_notifications.notification", "pk": 178, "fields": {"user": ["unithead"], "title": "Request GSO-2026-0017 — Done working", "message": "Personnel marked work complete for review: fadfa @ fadaf", "link": "/accounts/staff/request-management/17/", "read": true, "created_at": "2026-04-22T12:53:09.301Z"}}, {"model": "gso_notifications.notification", "pk": 179, "fields": {"user": ["requestor"], "title": "Request GSO-2026-0017 — Work done", "message": "Work on your request is complete. It is now awaiting approval from the unit head before it is marked completed.", "link": "/accounts/requestor/request/17/", "read": true, "created_at": "2026-04-22T12:53:09.395Z"}}, {"model": "gso_notifications.notification", "pk": 180, "fields": {"user": ["requestor"], "title": "Request GSO-2026-0021 completed", "message": "Your request has been completed: fadfasd @ fasdfadf. Please submit your feedback (Client Satisfaction form) for this request.", "link": "/accounts/requestor/request/21/", "read": false, "created_at": "2026-04-22T13:02:37.917Z"}}, {"model": "gso_notifications.notification", "pk": 181, "fields": {"user": ["director"], "title": "Request GSO-2026-0021 completed", "message": "Request completed: fadfasd @ fasdfadf — Repair & Maintenance", "link": "/accounts/staff/request-management/21/", "read": true, "created_at": "2026-04-22T13:02:38.113Z"}}, {"model": "gso_notifications.notification", "pk": 182, "fields": {"user": ["gsooffice"], "title": "Request GSO-2026-0021 completed", "message": "Request completed: fadfasd @ fasdfadf — Repair & Maintenance", "link": "/accounts/staff/request-management/21/", "read": false, "created_at": "2026-04-22T13:02:38.214Z"}}, {"model": "admin.logentry", "pk": 1, "fields": {"action_time": "2026-03-28T08:53:43.845Z", "user": ["gsoadmin"], "content_type": ["gso_accounts", "user"], "object_id": "2", "object_repr": "director (Director)", "action_flag": 1, "change_message": "[{\"added\": {}}]"}}]